name,average,grade
Yash,87.66666666666667,A
Rahul,72.33333333333333,B
Aman,64.33333333333333,B
